counts,trigger,run
19,C0AMU-ABCE-NOPF-CENTNOTRD,252235
100,C0LSR-ABCE-NOPF-CENTNOTRD,252235
172,C0SMB-A-NOPF-CENTNOTRD,252235
441357,C0SMB-B-NOPF-CENTNOTRD,252235
126,C0SMB-C-NOPF-CENTNOTRD,252235
6,C0SMB-E-NOPF-CENTNOTRD,252235
308516,C0T0A-B-NOPF-CENTNOTRD,252235
90,C0T0A-C-NOPF-CENTNOTRD,252235
153,C0T0C-A-NOPF-CENTNOTRD,252235
298331,C0T0C-B-NOPF-CENTNOTRD,252235
213989,C0TVX-B-NOPF-CENT,252235
214003,C0TVX-B-NOPF-CENTNOTRD,252235
411919,C0UBA-B-NOPF-CENTNOTRD,252235
51,C0UBA-C-NOPF-CENTNOTRD,252235
108,C0UBC-A-NOPF-CENTNOTRD,252235
449589,C0UBC-B-NOPF-CENTNOTRD,252235
60,C0VBA-A-NOPF-CENTNOTRD,252235
455547,C0VBA-B-NOPF-CENTNOTRD,252235
239,C0VBA-C-NOPF-CENTNOTRD,252235
71,C0VBA-E-NOPF-CENTNOTRD,252235
328,C0VBC-A-NOPF-CENTNOTRD,252235
450394,C0VBC-B-NOPF-CENTNOTRD,252235
79,C0VBC-C-NOPF-CENTNOTRD,252235
33,C0VBC-E-NOPF-CENTNOTRD,252235
365779,CADAND-B-NOPF-CENTNOTRD,252235
85020,CCALIB1-B-NOPF-CENT,252235
374,CINT1-A-NOPF-CENTNOTRD,252235
482851,CINT1-B-NOPF-CENTNOTRD,252235
270,CINT1-C-NOPF-CENTNOTRD,252235
110,CINT1-E-NOPF-CENTNOTRD,252235
398,CINT10-A-NOPF-CENTNOTRD,252235
510724,CINT10-B-NOPF-CENTNOTRD,252235
284,CINT10-C-NOPF-CENTNOTRD,252235
104,CINT10-E-NOPF-CENTNOTRD,252235
404,CINT11-A-NOPF-CENTNOTRD,252235
511523,CINT11-B-NOPF-CENTNOTRD,252235
296,CINT11-C-NOPF-CENTNOTRD,252235
110,CINT11-E-NOPF-CENTNOTRD,252235
366,CINT5-A-NOPF-CENTNOTRD,252235
481305,CINT5-B-NOPF-CENT,252235
481354,CINT5-B-NOPF-CENTNOTRD,252235
258,CINT5-C-NOPF-CENTNOTRD,252235
104,CINT5-E-NOPF-CENTNOTRD,252235
22,CINT7-A-NOPF-CENTNOTRD,252235
424543,CINT7-B-NOPF-CENT,252235
424587,CINT7-B-NOPF-CENTNOTRD,252235
10545,CINT7-B-NOPF-MUFAST,252235
60,CINT7-C-NOPF-CENTNOTRD,252235
181,CMLL7-B-NOPF-MUFAST,252235
515,CMSH7-B-NOPF-MUFAST,252235
2,CMSL7-A-NOPF-MUFAST,252235
4142,CMSL7-B-NOPF-MUFAST,252235
106,CMUL7-B-NOPF-MUFAST,252235
86,CTEST59-B-NOPF-CENTNOTRD,252235
66,CTEST60-A-NOPF-CENTNOTRD,252235
147,CTEST60-B-NOPF-CENTNOTRD,252235
66,CTEST60-C-NOPF-CENTNOTRD,252235
95,CTEST60-E-NOPF-CENTNOTRD,252235
1,CTEST61-A-NOPF-CENTNOTRD,252235
10,CTEST61-B-NOPF-CENTNOTRD,252235
2,CTEST61-C-NOPF-CENTNOTRD,252235
10,CTEST61-E-NOPF-CENTNOTRD,252235
3750,CTRUE-A-NOPF-CENT,252235
8064,CTRUE-B-NOPF-CENT,252235
4078,CTRUE-C-NOPF-CENT,252235
8479,CTRUE-E-NOPF-CENT,252235
18,C0AMU-ABCE-NOPF-CENTNOTRD,252238
100,C0LSR-ABCE-NOPF-CENTNOTRD,252238
229435,C0T0A-B-NOPF-CENTNOTRD,252238
221811,C0T0C-B-NOPF-CENTNOTRD,252238
159125,C0TVX-B-NOPF-CENT,252238
159131,C0TVX-B-NOPF-CENTNOTRD,252238
306870,C0UBA-B-NOPF-CENTNOTRD,252238
334393,C0UBC-B-NOPF-CENTNOTRD,252238
339284,C0VBA-B-NOPF-CENTNOTRD,252238
334962,C0VBC-B-NOPF-CENTNOTRD,252238
272308,CADAND-B-NOPF-CENTNOTRD,252238
63412,CCALIB1-B-NOPF-CENT,252238
380142,CINT10-B-NOPF-CENTNOTRD,252238
258,CINT5-A-NOPF-CENTNOTRD,252238
358165,CINT5-B-NOPF-CENT,252238
358178,CINT5-B-NOPF-CENTNOTRD,252238
176,CINT5-C-NOPF-CENTNOTRD,252238
75,CINT5-E-NOPF-CENTNOTRD,252238
16,CINT7-A-NOPF-CENTNOTRD,252238
316055,CINT7-B-NOPF-CENT,252238
316068,CINT7-B-NOPF-CENTNOTRD,252238
7693,CINT7-B-NOPF-MUFAST,252238
39,CINT7-C-NOPF-CENTNOTRD,252238
122,CMLL7-B-NOPF-MUFAST,252238
382,CMSH7-B-NOPF-MUFAST,252238
1,CMSL7-A-NOPF-MUFAST,252238
3043,CMSL7-B-NOPF-MUFAST,252238
69,CMUL7-B-NOPF-MUFAST,252238
50,CTEST60-A-NOPF-CENTNOTRD,252238
295,CTEST60-B-NOPF-CENTNOTRD,252238
42,CTEST60-C-NOPF-CENTNOTRD,252238
78,CTEST60-E-NOPF-CENTNOTRD,252238
2,CTEST61-A-NOPF-CENTNOTRD,252238
10,CTEST61-B-NOPF-CENTNOTRD,252238
2,CTEST61-E-NOPF-CENTNOTRD,252238
658,CTRUE-A-NOPF-CENT,252238
3030,CTRUE-B-NOPF-CENT,252238
748,CTRUE-C-NOPF-CENT,252238
610,CTRUE-E-NOPF-CENT,252238
15,C0AMU-ABCE-NOPF-CENTNOTRD,252243
100,C0LSR-ABCE-NOPF-CENTNOTRD,252243
296239,C0T0A-B-NOPF-CENTNOTRD,252243
286039,C0T0C-B-NOPF-CENTNOTRD,252243
205171,C0TVX-B-NOPF-CENT,252243
205184,C0TVX-B-NOPF-CENTNOTRD,252243
395627,C0UBA-B-NOPF-CENTNOTRD,252243
431974,C0UBC-B-NOPF-CENTNOTRD,252243
437539,C0VBA-B-NOPF-CENTNOTRD,252243
432620,C0VBC-B-NOPF-CENTNOTRD,252243
351304,CADAND-B-NOPF-CENTNOTRD,252243
81488,CCALIB1-B-NOPF-CENT,252243
490688,CINT10-B-NOPF-CENTNOTRD,252243
313,CINT5-A-NOPF-CENTNOTRD,252243
462446,CINT5-B-NOPF-CENT,252243
462472,CINT5-B-NOPF-CENTNOTRD,252243
220,CINT5-C-NOPF-CENTNOTRD,252243
82,CINT5-E-NOPF-CENTNOTRD,252243
13,CINT7-A-NOPF-CENTNOTRD,252243
407664,CINT7-B-NOPF-CENT,252243
407687,CINT7-B-NOPF-CENTNOTRD,252243
10997,CINT7-B-NOPF-MUFAST,252243
59,CINT7-C-NOPF-CENTNOTRD,252243
176,CMLL7-B-NOPF-MUFAST,252243
571,CMSH7-B-NOPF-MUFAST,252243
1,CMSL7-A-NOPF-MUFAST,252243
4409,CMSL7-B-NOPF-MUFAST,252243
113,CMUL7-B-NOPF-MUFAST,252243
59,CTEST60-A-NOPF-CENTNOTRD,252243
393,CTEST60-B-NOPF-CENTNOTRD,252243
49,CTEST60-C-NOPF-CENTNOTRD,252243
95,CTEST60-E-NOPF-CENTNOTRD,252243
5,CTEST61-A-NOPF-CENTNOTRD,252243
15,CTEST61-B-NOPF-CENTNOTRD,252243
1,CTEST61-C-NOPF-CENTNOTRD,252243
1,CTEST61-E-NOPF-CENTNOTRD,252243
878,CTRUE-A-NOPF-CENT,252243
3739,CTRUE-B-NOPF-CENT,252243
945,CTRUE-C-NOPF-CENT,252243
802,CTRUE-E-NOPF-CENT,252243
7,C0AMU-ABCE-NOPF-CENTNOTRD,252245
100,C0LSR-ABCE-NOPF-CENTNOTRD,252245
152765,C0T0A-B-NOPF-CENTNOTRD,252245
147490,C0T0C-B-NOPF-CENTNOTRD,252245
105966,C0TVX-B-NOPF-CENT,252245
105972,C0TVX-B-NOPF-CENTNOTRD,252245
204209,C0UBA-B-NOPF-CENTNOTRD,252245
222565,C0UBC-B-NOPF-CENTNOTRD,252245
225841,C0VBA-B-NOPF-CENTNOTRD,252245
222589,C0VBC-B-NOPF-CENTNOTRD,252245
181270,CADAND-B-NOPF-CENTNOTRD,252245
41781,CCALIB1-B-NOPF-CENT,252245
252988,CINT10-B-NOPF-CENTNOTRD,252245
191,CINT5-A-NOPF-CENTNOTRD,252245
238307,CINT5-B-NOPF-CENT,252245
238321,CINT5-B-NOPF-CENTNOTRD,252245
129,CINT5-C-NOPF-CENTNOTRD,252245
49,CINT5-E-NOPF-CENTNOTRD,252245
18,CINT7-A-NOPF-CENTNOTRD,252245
210095,CINT7-B-NOPF-CENT,252245
210109,CINT7-B-NOPF-CENTNOTRD,252245
5245,CINT7-B-NOPF-MUFAST,252245
37,CINT7-C-NOPF-CENTNOTRD,252245
95,CMLL7-B-NOPF-MUFAST,252245
286,CMSH7-B-NOPF-MUFAST,252245
2152,CMSL7-B-NOPF-MUFAST,252245
50,CMUL7-B-NOPF-MUFAST,252245
21,CTEST60-A-NOPF-CENTNOTRD,252245
225,CTEST60-B-NOPF-CENTNOTRD,252245
21,CTEST60-C-NOPF-CENTNOTRD,252245
45,CTEST60-E-NOPF-CENTNOTRD,252245
1,CTEST61-A-NOPF-CENTNOTRD,252245
6,CTEST61-B-NOPF-CENTNOTRD,252245
4,CTEST61-C-NOPF-CENTNOTRD,252245
3,CTEST61-E-NOPF-CENTNOTRD,252245
429,CTRUE-A-NOPF-CENT,252245
1894,CTRUE-B-NOPF-CENT,252245
461,CTRUE-C-NOPF-CENT,252245
402,CTRUE-E-NOPF-CENT,252245
21,C0AMU-ABCE-NOPF-CENTNOTRD,252246
100,C0LSR-ABCE-NOPF-CENTNOTRD,252246
228639,C0T0A-B-NOPF-CENTNOTRD,252246
221248,C0T0C-B-NOPF-CENTNOTRD,252246
158600,C0TVX-B-NOPF-CENT,252246
158603,C0TVX-B-NOPF-CENTNOTRD,252246
305711,C0UBA-B-NOPF-CENTNOTRD,252246
333283,C0UBC-B-NOPF-CENTNOTRD,252246
338125,C0VBA-B-NOPF-CENTNOTRD,252246
333546,C0VBC-B-NOPF-CENTNOTRD,252246
271038,CADAND-B-NOPF-CENTNOTRD,252246
62501,CCALIB1-B-NOPF-CENT,252246
378963,CINT10-B-NOPF-CENTNOTRD,252246
228,CINT5-A-NOPF-CENTNOTRD,252246
357074,CINT5-B-NOPF-CENT,252246
357081,CINT5-B-NOPF-CENTNOTRD,252246
180,CINT5-C-NOPF-CENTNOTRD,252246
80,CINT5-E-NOPF-CENTNOTRD,252246
16,CINT7-A-NOPF-CENTNOTRD,252246
314585,CINT7-B-NOPF-CENT,252246
314590,CINT7-B-NOPF-CENTNOTRD,252246
7934,CINT7-B-NOPF-MUFAST,252246
51,CINT7-C-NOPF-CENTNOTRD,252246
138,CMLL7-B-NOPF-MUFAST,252246
434,CMSH7-B-NOPF-MUFAST,252246
3253,CMSL7-B-NOPF-MUFAST,252246
82,CMUL7-B-NOPF-MUFAST,252246
40,CTEST60-A-NOPF-CENTNOTRD,252246
318,CTEST60-B-NOPF-CENTNOTRD,252246
40,CTEST60-C-NOPF-CENTNOTRD,252246
71,CTEST60-E-NOPF-CENTNOTRD,252246
2,CTEST61-A-NOPF-CENTNOTRD,252246
18,CTEST61-B-NOPF-CENTNOTRD,252246
1,CTEST61-C-NOPF-CENTNOTRD,252246
619,CTRUE-A-NOPF-CENT,252246
2746,CTRUE-B-NOPF-CENT,252246
714,CTRUE-C-NOPF-CENT,252246
595,CTRUE-E-NOPF-CENT,252246
166,C0AMU-ABCE-NOPF-CENTNOTRD,252248
200,C0LSR-ABCE-NOPF-CENTNOTRD,252248
1099,C0SMB-A-NOPF-CENTNOTRD,252248
2968313,C0SMB-B-NOPF-CENTNOTRD,252248
821,C0SMB-C-NOPF-CENTNOTRD,252248
61,C0SMB-E-NOPF-CENTNOTRD,252248
2074202,C0T0A-B-NOPF-CENTNOTRD,252248
2001842,C0T0C-B-NOPF-CENTNOTRD,252248
1436321,C0TVX-B-NOPF-CENT,252248
1436483,C0TVX-B-NOPF-CENTNOTRD,252248
2771714,C0UBA-B-NOPF-CENTNOTRD,252248
3023655,C0UBC-B-NOPF-CENTNOTRD,252248
3066046,C0VBA-B-NOPF-CENTNOTRD,252248
3027331,C0VBC-B-NOPF-CENTNOTRD,252248
2458127,CADAND-B-NOPF-CENTNOTRD,252248
570751,CCALIB1-B-NOPF-CENT,252248
3248319,CINT1-B-NOPF-CENTNOTRD,252248
3438323,CINT10-B-NOPF-CENTNOTRD,252248
2539,CINT11-A-NOPF-CENTNOTRD,252248
3443455,CINT11-B-NOPF-CENTNOTRD,252248
1998,CINT11-C-NOPF-CENTNOTRD,252248
739,CINT11-E-NOPF-CENTNOTRD,252248
2249,CINT5-A-NOPF-CENTNOTRD,252248
3238100,CINT5-B-NOPF-CENT,252248
3238459,CINT5-B-NOPF-CENTNOTRD,252248
1748,CINT5-C-NOPF-CENTNOTRD,252248
678,CINT5-E-NOPF-CENTNOTRD,252248
138,CINT7-A-NOPF-CENTNOTRD,252248
2854597,CINT7-B-NOPF-CENT,252248
2854918,CINT7-B-NOPF-CENTNOTRD,252248
67607,CINT7-B-NOPF-MUFAST,252248
445,CINT7-C-NOPF-CENTNOTRD,252248
1082,CMLL7-B-NOPF-MUFAST,252248
3459,CMSH7-B-NOPF-MUFAST,252248
5,CMSL7-A-NOPF-MUFAST,252248
27461,CMSL7-B-NOPF-MUFAST,252248
626,CMUL7-B-NOPF-MUFAST,252248
622,CTEST59-B-NOPF-CENTNOTRD,252248
1,CTEST59-C-NOPF-CENTNOTRD,252248
449,CTEST60-A-NOPF-CENTNOTRD,252248
2773,CTEST60-B-NOPF-CENTNOTRD,252248
418,CTEST60-C-NOPF-CENTNOTRD,252248
778,CTEST60-E-NOPF-CENTNOTRD,252248
8,CTEST61-A-NOPF-CENTNOTRD,252248
136,CTEST61-B-NOPF-CENTNOTRD,252248
19,CTEST61-C-NOPF-CENTNOTRD,252248
41,CTEST61-E-NOPF-CENTNOTRD,252248
6760,CTRUE-A-NOPF-CENT,252248
29229,CTRUE-B-NOPF-CENT,252248
7358,CTRUE-C-NOPF-CENT,252248
6082,CTRUE-E-NOPF-CENT,252248
74,C0AMU-ABCE-NOPF-CENTNOTRD,252266
100,C0LSR-ABCE-NOPF-CENTNOTRD,252266
449,C0SMB-A-NOPF-CENTNOTRD,252266
1780853,C0SMB-B-NOPF-CENTNOTRD,252266
385,C0SMB-C-NOPF-CENTNOTRD,252266
24,C0SMB-E-NOPF-CENTNOTRD,252266
1289326,C0T0A-B-NOPF-CENTNOTRD,252266
1249677,C0T0C-B-NOPF-CENTNOTRD,252266
933227,C0TVX-B-NOPF-CENT,252266
933235,C0TVX-B-NOPF-CENTNOTRD,252266
1675168,C0UBA-B-NOPF-CENTNOTRD,252266
1811701,C0UBC-B-NOPF-CENTNOTRD,252266
1834263,C0VBA-B-NOPF-CENTNOTRD,252266
1813686,C0VBC-B-NOPF-CENTNOTRD,252266
1509042,CADAND-B-NOPF-CENTNOTRD,252266
343364,CCALIB1-B-NOPF-CENT,252266
1930630,CINT1-B-NOPF-CENTNOTRD,252266
2030284,CINT10-B-NOPF-CENTNOTRD,252266
1037,CINT11-A-NOPF-CENTNOTRD,252266
2033040,CINT11-B-NOPF-CENTNOTRD,252266
911,CINT11-C-NOPF-CENTNOTRD,252266
455,CINT11-E-NOPF-CENTNOTRD,252266
921,CINT5-A-NOPF-CENTNOTRD,252266
1925374,CINT5-B-NOPF-CENT,252266
1925391,CINT5-B-NOPF-CENTNOTRD,252266
790,CINT5-C-NOPF-CENTNOTRD,252266
431,CINT5-E-NOPF-CENTNOTRD,252266
61,CINT7-A-NOPF-CENTNOTRD,252266
1722542,CINT7-B-NOPF-CENT,252266
1722558,CINT7-B-NOPF-CENTNOTRD,252266
109749,CINT7-B-NOPF-MUFAST,252266
212,CINT7-C-NOPF-CENTNOTRD,252266
2664,CMLL7-B-NOPF-MUFAST,252266
8028,CMSH7-B-NOPF-MUFAST,252266
61794,CMSL7-B-NOPF-MUFAST,252266
1645,CMUL7-B-NOPF-MUFAST,252266
343,CTEST59-B-NOPF-CENTNOTRD,252266
2,CTEST59-C-NOPF-CENTNOTRD,252266
163,CTEST60-A-NOPF-CENTNOTRD,252266
1397,CTEST60-B-NOPF-CENTNOTRD,252266
203,CTEST60-C-NOPF-CENTNOTRD,252266
378,CTEST60-E-NOPF-CENTNOTRD,252266
63,CTEST61-B-NOPF-CENTNOTRD,252266
9,CTEST61-C-NOPF-CENTNOTRD,252266
14,CTEST61-E-NOPF-CENTNOTRD,252266
2743,CTRUE-A-NOPF-CENT,252266
12634,CTRUE-B-NOPF-CENT,252266
3046,CTRUE-C-NOPF-CENT,252266
2669,CTRUE-E-NOPF-CENT,252266
130,C0AMU-ABCE-NOPF-CENTNOTRD,252271
200,C0LSR-ABCE-NOPF-CENTNOTRD,252271
885,C0SMB-A-NOPF-CENTNOTRD,252271
2689041,C0SMB-B-NOPF-CENTNOTRD,252271
633,C0SMB-C-NOPF-CENTNOTRD,252271
45,C0SMB-E-NOPF-CENTNOTRD,252271
1880890,C0T0A-B-NOPF-CENTNOTRD,252271
1820603,C0T0C-B-NOPF-CENTNOTRD,252271
1305716,C0TVX-B-NOPF-CENT,252271
1305718,C0TVX-B-NOPF-CENTNOTRD,252271
2514220,C0UBA-B-NOPF-CENTNOTRD,252271
2740849,C0UBC-B-NOPF-CENTNOTRD,252271
2778586,C0VBA-B-NOPF-CENTNOTRD,252271
2743614,C0VBC-B-NOPF-CENTNOTRD,252271
2229664,CADAND-B-NOPF-CENTNOTRD,252271
518178,CCALIB1-B-NOPF-CENT,252271
2944016,CINT1-B-NOPF-CENTNOTRD,252271
3116607,CINT10-B-NOPF-CENTNOTRD,252271
2021,CINT11-A-NOPF-CENTNOTRD,252271
3121285,CINT11-B-NOPF-CENTNOTRD,252271
1560,CINT11-C-NOPF-CENTNOTRD,252271
556,CINT11-E-NOPF-CENTNOTRD,252271
1803,CINT5-A-NOPF-CENTNOTRD,252271
2935028,CINT5-B-NOPF-CENT,252271
2935033,CINT5-B-NOPF-CENTNOTRD,252271
1364,CINT5-C-NOPF-CENTNOTRD,252271
511,CINT5-E-NOPF-CENTNOTRD,252271
127,CINT7-A-NOPF-CENTNOTRD,252271
2587162,CINT7-B-NOPF-CENT,252271
2587167,CINT7-B-NOPF-CENTNOTRD,252271
63761,CINT7-B-NOPF-MUFAST,252271
354,CINT7-C-NOPF-CENTNOTRD,252271
1100,CMLL7-B-NOPF-MUFAST,252271
3331,CMSH7-B-NOPF-MUFAST,252271
3,CMSL7-A-NOPF-MUFAST,252271
25677,CMSL7-B-NOPF-MUFAST,252271
607,CMUL7-B-NOPF-MUFAST,252271
567,CTEST59-B-NOPF-CENTNOTRD,252271
1,CTEST59-C-NOPF-CENTNOTRD,252271
404,CTEST60-A-NOPF-CENTNOTRD,252271
2581,CTEST60-B-NOPF-CENTNOTRD,252271
359,CTEST60-C-NOPF-CENTNOTRD,252271
679,CTEST60-E-NOPF-CENTNOTRD,252271
12,CTEST61-A-NOPF-CENTNOTRD,252271
119,CTEST61-B-NOPF-CENTNOTRD,252271
9,CTEST61-C-NOPF-CENTNOTRD,252271
27,CTEST61-E-NOPF-CENTNOTRD,252271
5554,CTRUE-A-NOPF-CENT,252271
24711,CTRUE-B-NOPF-CENT,252271
5855,CTRUE-C-NOPF-CENT,252271
5131,CTRUE-E-NOPF-CENT,252271
15,C0AMU-ABCE-NOPF-CENTNOTRD,252310
100,C0LSR-ABCE-NOPF-CENTNOTRD,252310
526,C0SMB-A-NOPF-CENTNOTRD,252310
301928,C0SMB-B-NOPF-CENTNOTRD,252310
329,C0SMB-C-NOPF-CENTNOTRD,252310
1,C0SMB-E-NOPF-CENTNOTRD,252310
209575,C0T0A-B-NOPF-CENTNOTRD,252310
202544,C0T0C-B-NOPF-CENTNOTRD,252310
144125,C0TVX-B-NOPF-CENT,252310
144133,C0TVX-B-NOPF-CENTNOTRD,252310
280583,C0UBA-B-NOPF-CENTNOTRD,252310
306862,C0UBC-B-NOPF-CENTNOTRD,252310
311946,C0VBA-B-NOPF-CENTNOTRD,252310
308382,C0VBC-B-NOPF-CENTNOTRD,252310
247716,CADAND-B-NOPF-CENTNOTRD,252310
34754,CCALIB1-B-NOPF-CENT,252310
332363,CINT1-B-NOPF-CENTNOTRD,252310
352366,CINT10-B-NOPF-CENTNOTRD,252310
1144,CINT11-A-NOPF-CENTNOTRD,252310
352968,CINT11-B-NOPF-CENTNOTRD,252310
829,CINT11-C-NOPF-CENTNOTRD,252310
91,CINT11-E-NOPF-CENTNOTRD,252310
1007,CINT5-A-NOPF-CENTNOTRD,252310
331223,CINT5-B-NOPF-CENT,252310
331235,CINT5-B-NOPF-CENTNOTRD,252310
700,CINT5-C-NOPF-CENTNOTRD,252310
90,CINT5-E-NOPF-CENTNOTRD,252310
75,CINT7-A-NOPF-CENTNOTRD,252310
289080,CINT7-B-NOPF-CENT,252310
289090,CINT7-B-NOPF-CENTNOTRD,252310
2801,CINT7-B-NOPF-MUFAST,252310
188,CINT7-C-NOPF-CENTNOTRD,252310
124,CMLL7-B-NOPF-MUFAST,252310
348,CMSH7-B-NOPF-MUFAST,252310
5,CMSL7-A-NOPF-MUFAST,252310
2675,CMSL7-B-NOPF-MUFAST,252310
70,CMUL7-B-NOPF-MUFAST,252310
62,CTEST59-B-NOPF-CENTNOTRD,252310
169,CTEST60-A-NOPF-CENTNOTRD,252310
564,CTEST60-B-NOPF-CENTNOTRD,252310
164,CTEST60-C-NOPF-CENTNOTRD,252310
62,CTEST60-E-NOPF-CENTNOTRD,252310
5,CTEST61-A-NOPF-CENTNOTRD,252310
23,CTEST61-B-NOPF-CENTNOTRD,252310
7,CTEST61-C-NOPF-CENTNOTRD,252310
3,CTEST61-E-NOPF-CENTNOTRD,252310
1461,CTRUE-A-NOPF-CENT,252310
6097,CTRUE-B-NOPF-CENT,252310
1626,CTRUE-C-NOPF-CENT,252310
306,CTRUE-E-NOPF-CENT,252310
10,C0AMU-ABCE-NOPF-CENTNOTRD,252313
100,C0LSR-ABCE-NOPF-CENTNOTRD,252313
182270,C0T0A-B-NOPF-CENTNOTRD,252313
176033,C0T0C-B-NOPF-CENTNOTRD,252313
124989,C0TVX-B-NOPF-CENT,252313
124994,C0TVX-B-NOPF-CENTNOTRD,252313
244295,C0UBA-B-NOPF-CENTNOTRD,252313
267363,C0UBC-B-NOPF-CENTNOTRD,252313
271698,C0VBA-B-NOPF-CENTNOTRD,252313
268876,C0VBC-B-NOPF-CENTNOTRD,252313
215949,CADAND-B-NOPF-CENTNOTRD,252313
30213,CCALIB1-B-NOPF-CENT,252313
306811,CINT10-B-NOPF-CENTNOTRD,252313
958,CINT5-A-NOPF-CENTNOTRD,252313
288561,CINT5-B-NOPF-CENT,252313
288572,CINT5-B-NOPF-CENTNOTRD,252313
631,CINT5-C-NOPF-CENTNOTRD,252313
56,CINT5-E-NOPF-CENTNOTRD,252313
55,CINT7-A-NOPF-CENTNOTRD,252313
251992,CINT7-B-NOPF-CENT,252313
252002,CINT7-B-NOPF-CENTNOTRD,252313
2361,CINT7-B-NOPF-MUFAST,252313
160,CINT7-C-NOPF-CENTNOTRD,252313
107,CMLL7-B-NOPF-MUFAST,252313
331,CMSH7-B-NOPF-MUFAST,252313
1,CMSL7-A-NOPF-MUFAST,252313
2408,CMSL7-B-NOPF-MUFAST,252313
61,CMUL7-B-NOPF-MUFAST,252313
166,CTEST60-A-NOPF-CENTNOTRD,252313
526,CTEST60-B-NOPF-CENTNOTRD,252313
130,CTEST60-C-NOPF-CENTNOTRD,252313
59,CTEST60-E-NOPF-CENTNOTRD,252313
3,CTEST61-A-NOPF-CENTNOTRD,252313
18,CTEST61-B-NOPF-CENTNOTRD,252313
6,CTEST61-C-NOPF-CENTNOTRD,252313
4,CTEST61-E-NOPF-CENTNOTRD,252313
1310,CTRUE-A-NOPF-CENT,252313
5201,CTRUE-B-NOPF-CENT,252313
1403,CTRUE-C-NOPF-CENT,252313
290,CTRUE-E-NOPF-CENT,252313
15,C0AMU-ABCE-NOPF-CENTNOTRD,252314
100,C0LSR-ABCE-NOPF-CENTNOTRD,252314
146476,C0T0A-B-NOPF-CENTNOTRD,252314
142412,C0T0C-B-NOPF-CENTNOTRD,252314
100539,C0TVX-B-NOPF-CENT,252314
100539,C0TVX-B-NOPF-CENTNOTRD,252314
197030,C0UBA-B-NOPF-CENTNOTRD,252314
215934,C0UBC-B-NOPF-CENTNOTRD,252314
219357,C0VBA-B-NOPF-CENTNOTRD,252314
216993,C0VBC-B-NOPF-CENTNOTRD,252314
174234,CADAND-B-NOPF-CENTNOTRD,252314
24437,CCALIB1-B-NOPF-CENT,252314
247478,CINT10-B-NOPF-CENTNOTRD,252314
781,CINT5-A-NOPF-CENTNOTRD,252314
232788,CINT5-B-NOPF-CENT,252314
232788,CINT5-B-NOPF-CENTNOTRD,252314
542,CINT5-C-NOPF-CENTNOTRD,252314
54,CINT5-E-NOPF-CENTNOTRD,252314
59,CINT7-A-NOPF-CENTNOTRD,252314
203562,CINT7-B-NOPF-CENT,252314
203562,CINT7-B-NOPF-CENTNOTRD,252314
1842,CINT7-B-NOPF-MUFAST,252314
142,CINT7-C-NOPF-CENTNOTRD,252314
70,CMLL7-B-NOPF-MUFAST,252314
230,CMSH7-B-NOPF-MUFAST,252314
4,CMSL7-A-NOPF-MUFAST,252314
1772,CMSL7-B-NOPF-MUFAST,252314
48,CMUL7-B-NOPF-MUFAST,252314
131,CTEST60-A-NOPF-CENTNOTRD,252314
413,CTEST60-B-NOPF-CENTNOTRD,252314
91,CTEST60-C-NOPF-CENTNOTRD,252314
51,CTEST60-E-NOPF-CENTNOTRD,252314
6,CTEST61-A-NOPF-CENTNOTRD,252314
15,CTEST61-B-NOPF-CENTNOTRD,252314
8,CTEST61-C-NOPF-CENTNOTRD,252314
3,CTEST61-E-NOPF-CENTNOTRD,252314
1107,CTRUE-A-NOPF-CENT,252314
4366,CTRUE-B-NOPF-CENT,252314
1168,CTRUE-C-NOPF-CENT,252314
212,CTRUE-E-NOPF-CENT,252314
13,C0AMU-ABCE-NOPF-CENTNOTRD,252315
100,C0LSR-ABCE-NOPF-CENTNOTRD,252315
154306,C0T0A-B-NOPF-CENTNOTRD,252315
149427,C0T0C-B-NOPF-CENTNOTRD,252315
105996,C0TVX-B-NOPF-CENT,252315
105999,C0TVX-B-NOPF-CENTNOTRD,252315
206981,C0UBA-B-NOPF-CENTNOTRD,252315
226450,C0UBC-B-NOPF-CENTNOTRD,252315
230178,C0VBA-B-NOPF-CENTNOTRD,252315
227648,C0VBC-B-NOPF-CENTNOTRD,252315
182823,CADAND-B-NOPF-CENTNOTRD,252315
25517,CCALIB1-B-NOPF-CENT,252315
259978,CINT10-B-NOPF-CENTNOTRD,252315
750,CINT5-A-NOPF-CENTNOTRD,252315
244294,CINT5-B-NOPF-CENT,252315
244305,CINT5-B-NOPF-CENTNOTRD,252315
529,CINT5-C-NOPF-CENTNOTRD,252315
47,CINT5-E-NOPF-CENTNOTRD,252315
54,CINT7-A-NOPF-CENTNOTRD,252315
213512,CINT7-B-NOPF-CENT,252315
213521,CINT7-B-NOPF-CENTNOTRD,252315
1984,CINT7-B-NOPF-MUFAST,252315
147,CINT7-C-NOPF-CENTNOTRD,252315
89,CMLL7-B-NOPF-MUFAST,252315
247,CMSH7-B-NOPF-MUFAST,252315
1,CMSL7-A-NOPF-MUFAST,252315
1879,CMSL7-B-NOPF-MUFAST,252315
60,CMUL7-B-NOPF-MUFAST,252315
131,CTEST60-A-NOPF-CENTNOTRD,252315
459,CTEST60-B-NOPF-CENTNOTRD,252315
137,CTEST60-C-NOPF-CENTNOTRD,252315
52,CTEST60-E-NOPF-CENTNOTRD,252315
3,CTEST61-A-NOPF-CENTNOTRD,252315
11,CTEST61-B-NOPF-CENTNOTRD,252315
1,CTEST61-C-NOPF-CENTNOTRD,252315
1,CTEST61-E-NOPF-CENTNOTRD,252315
1161,CTRUE-A-NOPF-CENT,252315
4559,CTRUE-B-NOPF-CENT,252315
1202,CTRUE-C-NOPF-CENT,252315
246,CTRUE-E-NOPF-CENT,252315
18,C0AMU-ABCE-NOPF-CENTNOTRD,252316
100,C0LSR-ABCE-NOPF-CENTNOTRD,252316
165194,C0T0A-B-NOPF-CENTNOTRD,252316
159688,C0T0C-B-NOPF-CENTNOTRD,252316
113336,C0TVX-B-NOPF-CENT,252316
113340,C0TVX-B-NOPF-CENTNOTRD,252316
221279,C0UBA-B-NOPF-CENTNOTRD,252316
242264,C0UBC-B-NOPF-CENTNOTRD,252316
246130,C0VBA-B-NOPF-CENTNOTRD,252316
243628,C0VBC-B-NOPF-CENTNOTRD,252316
195201,CADAND-B-NOPF-CENTNOTRD,252316
27397,CCALIB1-B-NOPF-CENT,252316
278210,CINT10-B-NOPF-CENTNOTRD,252316
829,CINT5-A-NOPF-CENTNOTRD,252316
261376,CINT5-B-NOPF-CENT,252316
261384,CINT5-B-NOPF-CENTNOTRD,252316
546,CINT5-C-NOPF-CENTNOTRD,252316
51,CINT5-E-NOPF-CENTNOTRD,252316
69,CINT7-A-NOPF-CENTNOTRD,252316
228366,CINT7-B-NOPF-CENT,252316
228374,CINT7-B-NOPF-CENTNOTRD,252316
2134,CINT7-B-NOPF-MUFAST,252316
141,CINT7-C-NOPF-CENTNOTRD,252316
95,CMLL7-B-NOPF-MUFAST,252316
251,CMSH7-B-NOPF-MUFAST,252316
1,CMSL7-A-NOPF-MUFAST,252316
2091,CMSL7-B-NOPF-MUFAST,252316
61,CMUL7-B-NOPF-MUFAST,252316
172,CTEST60-A-NOPF-CENTNOTRD,252316
502,CTEST60-B-NOPF-CENTNOTRD,252316
129,CTEST60-C-NOPF-CENTNOTRD,252316
54,CTEST60-E-NOPF-CENTNOTRD,252316
5,CTEST61-A-NOPF-CENTNOTRD,252316
15,CTEST61-B-NOPF-CENTNOTRD,252316
6,CTEST61-C-NOPF-CENTNOTRD,252316
2,CTEST61-E-NOPF-CENTNOTRD,252316
1180,CTRUE-A-NOPF-CENT,252316
4816,CTRUE-B-NOPF-CENT,252316
1246,CTRUE-C-NOPF-CENT,252316
260,CTRUE-E-NOPF-CENT,252316
89,C0AMU-ABCE-NOPF-CENTNOTRD,252317
200,C0LSR-ABCE-NOPF-CENTNOTRD,252317
1966,C0SMB-A-NOPF-CENTNOTRD,252317
5076579,C0SMB-B-NOPF-CENTNOTRD,252317
1585,C0SMB-C-NOPF-CENTNOTRD,252317
69,C0SMB-E-NOPF-CENTNOTRD,252317
3549186,C0T0A-B-NOPF-CENTNOTRD,252317
3428240,C0T0C-B-NOPF-CENTNOTRD,252317
2458429,C0TVX-B-NOPF-CENT,252317
2458462,C0TVX-B-NOPF-CENTNOTRD,252317
4736121,C0UBA-B-NOPF-CENTNOTRD,252317
5171057,C0UBC-B-NOPF-CENTNOTRD,252317
5245854,C0VBA-B-NOPF-CENTNOTRD,252317
5177137,C0VBC-B-NOPF-CENTNOTRD,252317
2,CADAND-A-NOPF-CENTNOTRD,252317
4199422,CADAND-B-NOPF-CENTNOTRD,252317
1,CADAND-C-NOPF-CENTNOTRD,252317
585516,CCALIB1-B-NOPF-CENT,252317
5557114,CINT1-B-NOPF-CENTNOTRD,252317
5881795,CINT10-B-NOPF-CENTNOTRD,252317
4882,CINT11-A-NOPF-CENTNOTRD,252317
5890877,CINT11-B-NOPF-CENTNOTRD,252317
4367,CINT11-C-NOPF-CENTNOTRD,252317
758,CINT11-E-NOPF-CENTNOTRD,252317
4295,CINT5-A-NOPF-CENTNOTRD,252317
5540040,CINT5-B-NOPF-CENT,252317
5540114,CINT5-B-NOPF-CENTNOTRD,252317
3806,CINT5-C-NOPF-CENTNOTRD,252317
687,CINT5-E-NOPF-CENTNOTRD,252317
282,CINT7-A-NOPF-CENTNOTRD,252317
4882814,CINT7-B-NOPF-CENT,252317
4882879,CINT7-B-NOPF-CENTNOTRD,252317
119307,CINT7-B-NOPF-MUFAST,252317
814,CINT7-C-NOPF-CENTNOTRD,252317
5335,CMLL7-B-NOPF-MUFAST,252317
15385,CMSH7-B-NOPF-MUFAST,252317
23,CMSL7-A-NOPF-MUFAST,252317
120006,CMSL7-B-NOPF-MUFAST,252317
3022,CMUL7-B-NOPF-MUFAST,252317
1,CTEST59-A-NOPF-CENTNOTRD,252317
1124,CTEST59-B-NOPF-CENTNOTRD,252317
1164,CTEST60-A-NOPF-CENTNOTRD,252317
5803,CTEST60-B-NOPF-CENTNOTRD,252317
1286,CTEST60-C-NOPF-CENTNOTRD,252317
742,CTEST60-E-NOPF-CENTNOTRD,252317
40,CTEST61-A-NOPF-CENTNOTRD,252317
268,CTEST61-B-NOPF-CENTNOTRD,252317
53,CTEST61-C-NOPF-CENTNOTRD,252317
30,CTEST61-E-NOPF-CENTNOTRD,252317
5764,CTRUE-A-NOPF-CENT,252317
25737,CTRUE-B-NOPF-CENT,252317
7171,CTRUE-C-NOPF-CENT,252317
1529,CTRUE-E-NOPF-CENT,252317
12,C0AMU-ABCE-NOPF-CENTNOTRD,252319
100,C0LSR-ABCE-NOPF-CENTNOTRD,252319
311,C0SMB-A-NOPF-CENTNOTRD,252319
720347,C0SMB-B-NOPF-CENTNOTRD,252319
215,C0SMB-C-NOPF-CENTNOTRD,252319
11,C0SMB-E-NOPF-CENTNOTRD,252319
504025,C0T0A-B-NOPF-CENTNOTRD,252319
486401,C0T0C-B-NOPF-CENTNOTRD,252319
348787,C0TVX-B-NOPF-CENT,252319
348814,C0TVX-B-NOPF-CENTNOTRD,252319
1,C0TVX-C-NOPF-CENTNOTRD,252319
671844,C0UBA-B-NOPF-CENTNOTRD,252319
732947,C0UBC-B-NOPF-CENTNOTRD,252319
744003,C0VBA-B-NOPF-CENTNOTRD,252319
734171,C0VBC-B-NOPF-CENTNOTRD,252319
595433,CADAND-B-NOPF-CENTNOTRD,252319
1,CADAND-C-NOPF-CENTNOTRD,252319
103975,CCALIB1-B-NOPF-CENT,252319
788358,CINT1-B-NOPF-CENTNOTRD,252319
834265,CINT10-B-NOPF-CENTNOTRD,252319
737,CINT11-A-NOPF-CENTNOTRD,252319
835568,CINT11-B-NOPF-CENTNOTRD,252319
606,CINT11-C-NOPF-CENTNOTRD,252319
106,CINT11-E-NOPF-CENTNOTRD,252319
654,CINT5-A-NOPF-CENTNOTRD,252319
785902,CINT5-B-NOPF-CENT,252319
785957,CINT5-B-NOPF-CENTNOTRD,252319
518,CINT5-C-NOPF-CENTNOTRD,252319
95,CINT5-E-NOPF-CENTNOTRD,252319
33,CINT7-A-NOPF-CENTNOTRD,252319
692170,CINT7-B-NOPF-CENT,252319
692217,CINT7-B-NOPF-CENTNOTRD,252319
12020,CINT7-B-NOPF-MUFAST,252319
101,CINT7-C-NOPF-CENTNOTRD,252319
661,CMLL7-B-NOPF-MUFAST,252319
2145,CMSH7-B-NOPF-MUFAST,252319
2,CMSL7-A-NOPF-MUFAST,252319
16361,CMSL7-B-NOPF-MUFAST,252319
398,CMUL7-B-NOPF-MUFAST,252319
150,CTEST59-B-NOPF-CENTNOTRD,252319
164,CTEST60-A-NOPF-CENTNOTRD,252319
838,CTEST60-B-NOPF-CENTNOTRD,252319
218,CTEST60-C-NOPF-CENTNOTRD,252319
111,CTEST60-E-NOPF-CENTNOTRD,252319
7,CTEST61-A-NOPF-CENTNOTRD,252319
136,CTEST61-B-NOPF-CENTNOTRD,252319
11,CTEST61-C-NOPF-CENTNOTRD,252319
7,CTEST61-E-NOPF-CENTNOTRD,252319
878,CTRUE-A-NOPF-CENT,252319
3873,CTRUE-B-NOPF-CENT,252319
1090,CTRUE-C-NOPF-CENT,252319
1175,CTRUE-E-NOPF-CENT,252319
17,C0AMU-ABCE-NOPF-CENTNOTRD,252322
100,C0LSR-ABCE-NOPF-CENTNOTRD,252322
498,C0SMB-A-NOPF-CENTNOTRD,252322
1360403,C0SMB-B-NOPF-CENTNOTRD,252322
386,C0SMB-C-NOPF-CENTNOTRD,252322
19,C0SMB-E-NOPF-CENTNOTRD,252322
951556,C0T0A-B-NOPF-CENTNOTRD,252322
919268,C0T0C-B-NOPF-CENTNOTRD,252322
659554,C0TVX-B-NOPF-CENT,252322
659565,C0TVX-B-NOPF-CENTNOTRD,252322
1,C0TVX-C-NOPF-CENTNOTRD,252322
1270364,C0UBA-B-NOPF-CENTNOTRD,252322
1385413,C0UBC-B-NOPF-CENTNOTRD,252322
1405545,C0VBA-B-NOPF-CENTNOTRD,252322
1387195,C0VBC-B-NOPF-CENTNOTRD,252322
1126283,CADAND-B-NOPF-CENTNOTRD,252322
196591,CCALIB1-B-NOPF-CENT,252322
1489287,CINT1-B-NOPF-CENTNOTRD,252322
1576161,CINT10-B-NOPF-CENTNOTRD,252322
1237,CINT11-A-NOPF-CENTNOTRD,252322
1578566,CINT11-B-NOPF-CENTNOTRD,252322
1138,CINT11-C-NOPF-CENTNOTRD,252322
200,CINT11-E-NOPF-CENTNOTRD,252322
1107,CINT5-A-NOPF-CENTNOTRD,252322
1484733,CINT5-B-NOPF-CENT,252322
1484756,CINT5-B-NOPF-CENTNOTRD,252322
972,CINT5-C-NOPF-CENTNOTRD,252322
180,CINT5-E-NOPF-CENTNOTRD,252322
57,CINT7-A-NOPF-CENTNOTRD,252322
1307963,CINT7-B-NOPF-CENT,252322
1307986,CINT7-B-NOPF-CENTNOTRD,252322
25014,CINT7-B-NOPF-MUFAST,252322
206,CINT7-C-NOPF-CENTNOTRD,252322
1481,CMLL7-B-NOPF-MUFAST,252322
4379,CMSH7-B-NOPF-MUFAST,252322
7,CMSL7-A-NOPF-MUFAST,252322
33893,CMSL7-B-NOPF-MUFAST,252322
860,CMUL7-B-NOPF-MUFAST,252322
287,CTEST59-B-NOPF-CENTNOTRD,252322
1,CTEST59-C-NOPF-CENTNOTRD,252322
320,CTEST60-A-NOPF-CENTNOTRD,252322
1524,CTEST60-B-NOPF-CENTNOTRD,252322
326,CTEST60-C-NOPF-CENTNOTRD,252322
193,CTEST60-E-NOPF-CENTNOTRD,252322
18,CTEST61-A-NOPF-CENTNOTRD,252322
81,CTEST61-B-NOPF-CENTNOTRD,252322
15,CTEST61-C-NOPF-CENTNOTRD,252322
6,CTEST61-E-NOPF-CENTNOTRD,252322
1669,CTRUE-A-NOPF-CENT,252322
7129,CTRUE-B-NOPF-CENT,252322
1970,CTRUE-C-NOPF-CENT,252322
2095,CTRUE-E-NOPF-CENT,252322
24,C0AMU-ABCE-NOPF-CENTNOTRD,252325
100,C0LSR-ABCE-NOPF-CENTNOTRD,252325
567,C0SMB-A-NOPF-CENTNOTRD,252325
1452627,C0SMB-B-NOPF-CENTNOTRD,252325
413,C0SMB-C-NOPF-CENTNOTRD,252325
29,C0SMB-E-NOPF-CENTNOTRD,252325
1014722,C0T0A-B-NOPF-CENTNOTRD,252325
981141,C0T0C-B-NOPF-CENTNOTRD,252325
703116,C0TVX-B-NOPF-CENT,252325
703152,C0TVX-B-NOPF-CENTNOTRD,252325
1354353,C0UBA-B-NOPF-CENTNOTRD,252325
1479629,C0UBC-B-NOPF-CENTNOTRD,252325
1499571,C0VBA-B-NOPF-CENTNOTRD,252325
1480666,C0VBC-B-NOPF-CENTNOTRD,252325
1201311,CADAND-B-NOPF-CENTNOTRD,252325
209783,CCALIB1-B-NOPF-CENT,252325
1589215,CINT1-B-NOPF-CENTNOTRD,252325
1682493,CINT10-B-NOPF-CENTNOTRD,252325
1396,CINT11-A-NOPF-CENTNOTRD,252325
1685178,CINT11-B-NOPF-CENTNOTRD,252325
1154,CINT11-C-NOPF-CENTNOTRD,252325
213,CINT11-E-NOPF-CENTNOTRD,252325
1221,CINT5-A-NOPF-CENTNOTRD,252325
1584078,CINT5-B-NOPF-CENT,252325
1584173,CINT5-B-NOPF-CENTNOTRD,252325
1001,CINT5-C-NOPF-CENTNOTRD,252325
184,CINT5-E-NOPF-CENTNOTRD,252325
75,CINT7-A-NOPF-CENTNOTRD,252325
1395982,CINT7-B-NOPF-CENT,252325
1396064,CINT7-B-NOPF-CENTNOTRD,252325
26865,CINT7-B-NOPF-MUFAST,252325
192,CINT7-C-NOPF-CENTNOTRD,252325
1536,CMLL7-B-NOPF-MUFAST,252325
4590,CMSH7-B-NOPF-MUFAST,252325
9,CMSL7-A-NOPF-MUFAST,252325
35862,CMSL7-B-NOPF-MUFAST,252325
943,CMUL7-B-NOPF-MUFAST,252325
1,CTEST59-A-NOPF-CENTNOTRD,252325
341,CTEST59-B-NOPF-CENTNOTRD,252325
1,CTEST59-C-NOPF-CENTNOTRD,252325
346,CTEST60-A-NOPF-CENTNOTRD,252325
1721,CTEST60-B-NOPF-CENTNOTRD,252325
396,CTEST60-C-NOPF-CENTNOTRD,252325
202,CTEST60-E-NOPF-CENTNOTRD,252325
12,CTEST61-A-NOPF-CENTNOTRD,252325
63,CTEST61-B-NOPF-CENTNOTRD,252325
16,CTEST61-C-NOPF-CENTNOTRD,252325
6,CTEST61-E-NOPF-CENTNOTRD,252325
1699,CTRUE-A-NOPF-CENT,252325
7712,CTRUE-B-NOPF-CENT,252325
2151,CTRUE-C-NOPF-CENT,252325
2304,CTRUE-E-NOPF-CENT,252325
28,C0AMU-ABCE-NOPF-CENTNOTRD,252326
100,C0LSR-ABCE-NOPF-CENTNOTRD,252326
762,C0SMB-A-NOPF-CENTNOTRD,252326
2162046,C0SMB-B-NOPF-CENTNOTRD,252326
624,C0SMB-C-NOPF-CENTNOTRD,252326
37,C0SMB-E-NOPF-CENTNOTRD,252326
1509972,C0T0A-B-NOPF-CENTNOTRD,252326
1459104,C0T0C-B-NOPF-CENTNOTRD,252326
1045597,C0TVX-B-NOPF-CENT,252326
1045623,C0TVX-B-NOPF-CENTNOTRD,252326
2017161,C0UBA-B-NOPF-CENTNOTRD,252326
2201260,C0UBC-B-NOPF-CENTNOTRD,252326
2233324,C0VBA-B-NOPF-CENTNOTRD,252326
2203952,C0VBC-B-NOPF-CENTNOTRD,252326
1,CADAND-A-NOPF-CENTNOTRD,252326
1788131,CADAND-B-NOPF-CENTNOTRD,252326
1,CADAND-C-NOPF-CENTNOTRD,252326
311675,CCALIB1-B-NOPF-CENT,252326
2366231,CINT1-B-NOPF-CENTNOTRD,252326
2505088,CINT10-B-NOPF-CENTNOTRD,252326
1980,CINT11-A-NOPF-CENTNOTRD,252326
2508940,CINT11-B-NOPF-CENTNOTRD,252326
1789,CINT11-C-NOPF-CENTNOTRD,252326
323,CINT11-E-NOPF-CENTNOTRD,252326
1753,CINT5-A-NOPF-CENTNOTRD,252326
2358942,CINT5-B-NOPF-CENT,252326
2359006,CINT5-B-NOPF-CENTNOTRD,252326
1539,CINT5-C-NOPF-CENTNOTRD,252326
286,CINT5-E-NOPF-CENTNOTRD,252326
98,CINT7-A-NOPF-CENTNOTRD,252326
2078218,CINT7-B-NOPF-CENT,252326
2078272,CINT7-B-NOPF-CENTNOTRD,252326
38517,CINT7-B-NOPF-MUFAST,252326
315,CINT7-C-NOPF-CENTNOTRD,252326
2291,CMLL7-B-NOPF-MUFAST,252326
6939,CMSH7-B-NOPF-MUFAST,252326
13,CMSL7-A-NOPF-MUFAST,252326
52120,CMSL7-B-NOPF-MUFAST,252326
1359,CMUL7-B-NOPF-MUFAST,252326
1,CTEST59-A-NOPF-CENTNOTRD,252326
460,CTEST59-B-NOPF-CENTNOTRD,252326
1,CTEST59-C-NOPF-CENTNOTRD,252326
474,CTEST60-A-NOPF-CENTNOTRD,252326
2474,CTEST60-B-NOPF-CENTNOTRD,252326
576,CTEST60-C-NOPF-CENTNOTRD,252326
271,CTEST60-E-NOPF-CENTNOTRD,252326
14,CTEST61-A-NOPF-CENTNOTRD,252326
114,CTEST61-B-NOPF-CENTNOTRD,252326
14,CTEST61-C-NOPF-CENTNOTRD,252326
12,CTEST61-E-NOPF-CENTNOTRD,252326
2553,CTRUE-A-NOPF-CENT,252326
11583,CTRUE-B-NOPF-CENT,252326
3232,CTRUE-C-NOPF-CENT,252326
3355,CTRUE-E-NOPF-CENT,252326
14,C0AMU-ABCE-NOPF-CENTNOTRD,252330
100,C0LSR-ABCE-NOPF-CENTNOTRD,252330
189,C0SMB-A-NOPF-CENTNOTRD,252330
577104,C0SMB-B-NOPF-CENTNOTRD,252330
173,C0SMB-C-NOPF-CENTNOTRD,252330
8,C0SMB-E-NOPF-CENTNOTRD,252330
402955,C0T0A-B-NOPF-CENTNOTRD,252330
388270,C0T0C-B-NOPF-CENTNOTRD,252330
278279,C0TVX-B-NOPF-CENT,252330
278279,C0TVX-B-NOPF-CENTNOTRD,252330
538247,C0UBA-B-NOPF-CENTNOTRD,252330
587324,C0UBC-B-NOPF-CENTNOTRD,252330
596063,C0VBA-B-NOPF-CENTNOTRD,252330
588407,C0VBC-B-NOPF-CENTNOTRD,252330
477000,CADAND-B-NOPF-CENTNOTRD,252330
83552,CCALIB1-B-NOPF-CENT,252330
631743,CINT1-B-NOPF-CENTNOTRD,252330
668416,CINT10-B-NOPF-CENTNOTRD,252330
535,CINT11-A-NOPF-CENTNOTRD,252330
669448,CINT11-B-NOPF-CENTNOTRD,252330
492,CINT11-C-NOPF-CENTNOTRD,252330
84,CINT11-E-NOPF-CENTNOTRD,252330
470,CINT5-A-NOPF-CENTNOTRD,252330
629811,CINT5-B-NOPF-CENT,252330
629814,CINT5-B-NOPF-CENTNOTRD,252330
430,CINT5-C-NOPF-CENTNOTRD,252330
75,CINT5-E-NOPF-CENTNOTRD,252330
25,CINT7-A-NOPF-CENTNOTRD,252330
554654,CINT7-B-NOPF-CENT,252330
554656,CINT7-B-NOPF-CENTNOTRD,252330
10459,CINT7-B-NOPF-MUFAST,252330
98,CINT7-C-NOPF-CENTNOTRD,252330
587,CMLL7-B-NOPF-MUFAST,252330
1798,CMSH7-B-NOPF-MUFAST,252330
5,CMSL7-A-NOPF-MUFAST,252330
13833,CMSL7-B-NOPF-MUFAST,252330
359,CMUL7-B-NOPF-MUFAST,252330
1,CTEST59-A-NOPF-CENTNOTRD,252330
140,CTEST59-B-NOPF-CENTNOTRD,252330
135,CTEST60-A-NOPF-CENTNOTRD,252330
652,CTEST60-B-NOPF-CENTNOTRD,252330
144,CTEST60-C-NOPF-CENTNOTRD,252330
72,CTEST60-E-NOPF-CENTNOTRD,252330
2,CTEST61-A-NOPF-CENTNOTRD,252330
27,CTEST61-B-NOPF-CENTNOTRD,252330
7,CTEST61-C-NOPF-CENTNOTRD,252330
2,CTEST61-E-NOPF-CENTNOTRD,252330
685,CTRUE-A-NOPF-CENT,252330
3005,CTRUE-B-NOPF-CENT,252330
833,CTRUE-C-NOPF-CENT,252330
898,CTRUE-E-NOPF-CENT,252330
17,C0AMU-ABCE-NOPF-CENTNOTRD,252332
100,C0LSR-ABCE-NOPF-CENTNOTRD,252332
418,C0SMB-A-NOPF-CENTNOTRD,252332
1154243,C0SMB-B-NOPF-CENTNOTRD,252332
333,C0SMB-C-NOPF-CENTNOTRD,252332
19,C0SMB-E-NOPF-CENTNOTRD,252332
806927,C0T0A-B-NOPF-CENTNOTRD,252332
779144,C0T0C-B-NOPF-CENTNOTRD,252332
558780,C0TVX-B-NOPF-CENT,252332
558782,C0TVX-B-NOPF-CENTNOTRD,252332
1076472,C0UBA-B-NOPF-CENTNOTRD,252332
1175067,C0UBC-B-NOPF-CENTNOTRD,252332
1192025,C0VBA-B-NOPF-CENTNOTRD,252332
1177342,C0VBC-B-NOPF-CENTNOTRD,252332
954137,CADAND-B-NOPF-CENTNOTRD,252332
166746,CCALIB1-B-NOPF-CENT,252332
1263246,CINT1-B-NOPF-CENTNOTRD,252332
1337078,CINT10-B-NOPF-CENTNOTRD,252332
1053,CINT11-A-NOPF-CENTNOTRD,252332
1339126,CINT11-B-NOPF-CENTNOTRD,252332
955,CINT11-C-NOPF-CENTNOTRD,252332
184,CINT11-E-NOPF-CENTNOTRD,252332
929,CINT5-A-NOPF-CENTNOTRD,252332
1259334,CINT5-B-NOPF-CENT,252332
1259343,CINT5-B-NOPF-CENTNOTRD,252332
844,CINT5-C-NOPF-CENTNOTRD,252332
165,CINT5-E-NOPF-CENTNOTRD,252332
62,CINT7-A-NOPF-CENTNOTRD,252332
1110015,CINT7-B-NOPF-CENT,252332
1110022,CINT7-B-NOPF-CENTNOTRD,252332
19647,CINT7-B-NOPF-MUFAST,252332
179,CINT7-C-NOPF-CENTNOTRD,252332
1196,CMLL7-B-NOPF-MUFAST,252332
3346,CMSH7-B-NOPF-MUFAST,252332
5,CMSL7-A-NOPF-MUFAST,252332
26376,CMSL7-B-NOPF-MUFAST,252332
704,CMUL7-B-NOPF-MUFAST,252332
244,CTEST59-B-NOPF-CENTNOTRD,252332
289,CTEST60-A-NOPF-CENTNOTRD,252332
1244,CTEST60-B-NOPF-CENTNOTRD,252332
318,CTEST60-C-NOPF-CENTNOTRD,252332
161,CTEST60-E-NOPF-CENTNOTRD,252332
6,CTEST61-A-NOPF-CENTNOTRD,252332
66,CTEST61-B-NOPF-CENTNOTRD,252332
12,CTEST61-C-NOPF-CENTNOTRD,252332
11,CTEST61-E-NOPF-CENTNOTRD,252332
1402,CTRUE-A-NOPF-CENT,252332
6208,CTRUE-B-NOPF-CENT,252332
1750,CTRUE-C-NOPF-CENT,252332
1861,CTRUE-E-NOPF-CENT,252332
26,C0AMU-ABCE-NOPF-CENTNOTRD,252336
100,C0LSR-ABCE-NOPF-CENTNOTRD,252336
439,C0SMB-A-NOPF-CENTNOTRD,252336
1334606,C0SMB-B-NOPF-CENTNOTRD,252336
361,C0SMB-C-NOPF-CENTNOTRD,252336
20,C0SMB-E-NOPF-CENTNOTRD,252336
933380,C0T0A-B-NOPF-CENTNOTRD,252336
901330,C0T0C-B-NOPF-CENTNOTRD,252336
646660,C0TVX-B-NOPF-CENT,252336
646665,C0TVX-B-NOPF-CENTNOTRD,252336
1245428,C0UBA-B-NOPF-CENTNOTRD,252336
1358700,C0UBC-B-NOPF-CENTNOTRD,252336
1378421,C0VBA-B-NOPF-CENTNOTRD,252336
1360694,C0VBC-B-NOPF-CENTNOTRD,252336
1103620,CADAND-B-NOPF-CENTNOTRD,252336
192035,CCALIB1-B-NOPF-CENT,252336
1460547,CINT1-B-NOPF-CENTNOTRD,252336
1546215,CINT10-B-NOPF-CENTNOTRD,252336
1159,CINT11-A-NOPF-CENTNOTRD,252336
1548606,CINT11-B-NOPF-CENTNOTRD,252336
1100,CINT11-C-NOPF-CENTNOTRD,252336
206,CINT11-E-NOPF-CENTNOTRD,252336
1034,CINT5-A-NOPF-CENTNOTRD,252336
1455974,CINT5-B-NOPF-CENT,252336
1455983,CINT5-B-NOPF-CENTNOTRD,252336
945,CINT5-C-NOPF-CENTNOTRD,252336
186,CINT5-E-NOPF-CENTNOTRD,252336
60,CINT7-A-NOPF-CENTNOTRD,252336
1283126,CINT7-B-NOPF-CENT,252336
1283134,CINT7-B-NOPF-CENTNOTRD,252336
22775,CINT7-B-NOPF-MUFAST,252336
190,CINT7-C-NOPF-CENTNOTRD,252336
1342,CMLL7-B-NOPF-MUFAST,252336
3862,CMSH7-B-NOPF-MUFAST,252336
5,CMSL7-A-NOPF-MUFAST,252336
30519,CMSL7-B-NOPF-MUFAST,252336
791,CMUL7-B-NOPF-MUFAST,252336
301,CTEST59-B-NOPF-CENTNOTRD,252336
326,CTEST60-A-NOPF-CENTNOTRD,252336
1537,CTEST60-B-NOPF-CENTNOTRD,252336
329,CTEST60-C-NOPF-CENTNOTRD,252336
188,CTEST60-E-NOPF-CENTNOTRD,252336
8,CTEST61-A-NOPF-CENTNOTRD,252336
71,CTEST61-B-NOPF-CENTNOTRD,252336
15,CTEST61-C-NOPF-CENTNOTRD,252336
3,CTEST61-E-NOPF-CENTNOTRD,252336
1611,CTRUE-A-NOPF-CENT,252336
7167,CTRUE-B-NOPF-CENT,252336
2012,CTRUE-C-NOPF-CENT,252336
2159,CTRUE-E-NOPF-CENT,252336
8,C0AMU-ABCE-NOPF-CENTNOTRD,252368
100,C0LSR-ABCE-NOPF-CENTNOTRD,252368
403,C0SMB-A-NOPF-CENTNOTRD,252368
772905,C0SMB-B-NOPF-CENTNOTRD,252368
335,C0SMB-C-NOPF-CENTNOTRD,252368
17,C0SMB-E-NOPF-CENTNOTRD,252368
541001,C0T0A-B-NOPF-CENTNOTRD,252368
522016,C0T0C-B-NOPF-CENTNOTRD,252368
374538,C0TVX-B-NOPF-CENT,252368
374554,C0TVX-B-NOPF-CENTNOTRD,252368
720588,C0UBA-B-NOPF-CENTNOTRD,252368
787595,C0UBC-B-NOPF-CENTNOTRD,252368
798226,C0VBA-B-NOPF-CENTNOTRD,252368
788978,C0VBC-B-NOPF-CENTNOTRD,252368
639069,CADAND-B-NOPF-CENTNOTRD,252368
111693,CCALIB1-B-NOPF-CENT,252368
846561,CINT1-B-NOPF-CENTNOTRD,252368
896059,CINT10-B-NOPF-CENTNOTRD,252368
968,CINT11-A-NOPF-CENTNOTRD,252368
897424,CINT11-B-NOPF-CENTNOTRD,252368
807,CINT11-C-NOPF-CENTNOTRD,252368
114,CINT11-E-NOPF-CENTNOTRD,252368
842,CINT5-A-NOPF-CENTNOTRD,252368
843908,CINT5-B-NOPF-CENT,252368
843942,CINT5-B-NOPF-CENTNOTRD,252368
693,CINT5-C-NOPF-CENTNOTRD,252368
97,CINT5-E-NOPF-CENTNOTRD,252368
59,CINT7-A-NOPF-CENTNOTRD,252368
743231,CINT7-B-NOPF-CENT,252368
743262,CINT7-B-NOPF-CENTNOTRD,252368
16442,CINT7-B-NOPF-MUFAST,252368
162,CINT7-C-NOPF-CENTNOTRD,252368
942,CMLL7-B-NOPF-MUFAST,252368
2914,CMSH7-B-NOPF-MUFAST,252368
10,CMSL7-A-NOPF-MUFAST,252368
22181,CMSL7-B-NOPF-MUFAST,252368
581,CMUL7-B-NOPF-MUFAST,252368
162,CTEST59-B-NOPF-CENTNOTRD,252368
2,CTEST59-C-NOPF-CENTNOTRD,252368
163,CTEST60-A-NOPF-CENTNOTRD,252368
859,CTEST60-B-NOPF-CENTNOTRD,252368
182,CTEST60-C-NOPF-CENTNOTRD,252368
88,CTEST60-E-NOPF-CENTNOTRD,252368
2,CTEST61-A-NOPF-CENTNOTRD,252368
34,CTEST61-B-NOPF-CENTNOTRD,252368
8,CTEST61-C-NOPF-CENTNOTRD,252368
4,CTEST61-E-NOPF-CENTNOTRD,252368
948,CTRUE-A-NOPF-CENT,252368
4024,CTRUE-B-NOPF-CENT,252368
1186,CTRUE-C-NOPF-CENT,252368
1223,CTRUE-E-NOPF-CENT,252368
34,C0AMU-ABCE-NOPF-CENTNOTRD,252370
100,C0LSR-ABCE-NOPF-CENTNOTRD,252370
937,C0SMB-A-NOPF-CENTNOTRD,252370
1865746,C0SMB-B-NOPF-CENTNOTRD,252370
733,C0SMB-C-NOPF-CENTNOTRD,252370
34,C0SMB-E-NOPF-CENTNOTRD,252370
1304596,C0T0A-B-NOPF-CENTNOTRD,252370
1259212,C0T0C-B-NOPF-CENTNOTRD,252370
902382,C0TVX-B-NOPF-CENT,252370
902424,C0TVX-B-NOPF-CENTNOTRD,252370
1740788,C0UBA-B-NOPF-CENTNOTRD,252370
1900707,C0UBC-B-NOPF-CENTNOTRD,252370
1927864,C0VBA-B-NOPF-CENTNOTRD,252370
1903544,C0VBC-B-NOPF-CENTNOTRD,252370
1,CADAND-A-NOPF-CENTNOTRD,252370
1542993,CADAND-B-NOPF-CENTNOTRD,252370
269255,CCALIB1-B-NOPF-CENT,252370
2043352,CINT1-B-NOPF-CENTNOTRD,252370
2163394,CINT10-B-NOPF-CENTNOTRD,252370
2247,CINT11-A-NOPF-CENTNOTRD,252370
2166760,CINT11-B-NOPF-CENTNOTRD,252370
1910,CINT11-C-NOPF-CENTNOTRD,252370
289,CINT11-E-NOPF-CENTNOTRD,252370
1996,CINT5-A-NOPF-CENTNOTRD,252370
2036960,CINT5-B-NOPF-CENT,252370
2037055,CINT5-B-NOPF-CENTNOTRD,252370
1663,CINT5-C-NOPF-CENTNOTRD,252370
255,CINT5-E-NOPF-CENTNOTRD,252370
122,CINT7-A-NOPF-CENTNOTRD,252370
1794274,CINT7-B-NOPF-CENT,252370
1794353,CINT7-B-NOPF-CENTNOTRD,252370
36101,CINT7-B-NOPF-MUFAST,252370
408,CINT7-C-NOPF-CENTNOTRD,252370
2135,CMLL7-B-NOPF-MUFAST,252370
6299,CMSH7-B-NOPF-MUFAST,252370
17,CMSL7-A-NOPF-MUFAST,252370
48023,CMSL7-B-NOPF-MUFAST,252370
1233,CMUL7-B-NOPF-MUFAST,252370
1,CTEST59-A-NOPF-CENTNOTRD,252370
405,CTEST59-B-NOPF-CENTNOTRD,252370
1,CTEST59-E-NOPF-CENTNOTRD,252370
403,CTEST60-A-NOPF-CENTNOTRD,252370
2018,CTEST60-B-NOPF-CENTNOTRD,252370
472,CTEST60-C-NOPF-CENTNOTRD,252370
232,CTEST60-E-NOPF-CENTNOTRD,252370
17,CTEST61-A-NOPF-CENTNOTRD,252370
85,CTEST61-B-NOPF-CENTNOTRD,252370
13,CTEST61-C-NOPF-CENTNOTRD,252370
14,CTEST61-E-NOPF-CENTNOTRD,252370
2286,CTRUE-A-NOPF-CENT,252370
9838,CTRUE-B-NOPF-CENT,252370
2725,CTRUE-C-NOPF-CENT,252370
3062,CTRUE-E-NOPF-CENT,252370
214,C0AMU-ABCE-NOPF-CENTNOTRD,252371
600,C0LSR-ABCE-NOPF-CENTNOTRD,252371
5869,C0SMB-A-NOPF-CENTNOTRD,252371
14079329,C0SMB-B-NOPF-CENTNOTRD,252371
4887,C0SMB-C-NOPF-CENTNOTRD,252371
246,C0SMB-E-NOPF-CENTNOTRD,252371
9847547,C0T0A-B-NOPF-CENTNOTRD,252371
9509115,C0T0C-B-NOPF-CENTNOTRD,252371
6821523,C0TVX-B-NOPF-CENT,252371
6821550,C0TVX-B-NOPF-CENTNOTRD,252371
13138126,C0UBA-B-NOPF-CENTNOTRD,252371
14337442,C0UBC-B-NOPF-CENTNOTRD,252371
14540917,C0VBA-B-NOPF-CENTNOTRD,252371
14357910,C0VBC-B-NOPF-CENTNOTRD,252371
11648060,CADAND-B-NOPF-CENTNOTRD,252371
1,CADAND-C-NOPF-CENTNOTRD,252371
2028772,CCALIB1-B-NOPF-CENT,252371
15411569,CINT1-B-NOPF-CENTNOTRD,252371
16314879,CINT10-B-NOPF-CENTNOTRD,252371
14754,CINT11-A-NOPF-CENTNOTRD,252371
16340655,CINT11-B-NOPF-CENTNOTRD,252371
13468,CINT11-C-NOPF-CENTNOTRD,252371
2404,CINT11-E-NOPF-CENTNOTRD,252371
12905,CINT5-A-NOPF-CENTNOTRD,252371
15363212,CINT5-B-NOPF-CENT,252371
15363285,CINT5-B-NOPF-CENTNOTRD,252371
11681,CINT5-C-NOPF-CENTNOTRD,252371
2158,CINT5-E-NOPF-CENTNOTRD,252371
757,CINT7-A-NOPF-CENTNOTRD,252371
13535476,CINT7-B-NOPF-CENT,252371
13535539,CINT7-B-NOPF-CENTNOTRD,252371
251691,CINT7-B-NOPF-MUFAST,252371
2450,CINT7-C-NOPF-CENTNOTRD,252371
14795,CMLL7-B-NOPF-MUFAST,252371
44387,CMSH7-B-NOPF-MUFAST,252371
78,CMSL7-A-NOPF-MUFAST,252371
339450,CMSL7-B-NOPF-MUFAST,252371
8588,CMUL7-B-NOPF-MUFAST,252371
1,CTEST59-A-NOPF-CENTNOTRD,252371
3050,CTEST59-B-NOPF-CENTNOTRD,252371
4,CTEST59-C-NOPF-CENTNOTRD,252371
3194,CTEST60-A-NOPF-CENTNOTRD,252371
15969,CTEST60-B-NOPF-CENTNOTRD,252371
3549,CTEST60-C-NOPF-CENTNOTRD,252371
1837,CTEST60-E-NOPF-CENTNOTRD,252371
96,CTEST61-A-NOPF-CENTNOTRD,252371
652,CTEST61-B-NOPF-CENTNOTRD,252371
124,CTEST61-C-NOPF-CENTNOTRD,252371
90,CTEST61-E-NOPF-CENTNOTRD,252371
16018,CTRUE-A-NOPF-CENT,252371
69763,CTRUE-B-NOPF-CENT,252371
19944,CTRUE-C-NOPF-CENT,252371
21730,CTRUE-E-NOPF-CENT,252371
10,C0AMU-ABCE-NOPF-CENTNOTRD,252374
100,C0LSR-ABCE-NOPF-CENTNOTRD,252374
338,C0SMB-A-NOPF-CENTNOTRD,252374
800752,C0SMB-B-NOPF-CENTNOTRD,252374
267,C0SMB-C-NOPF-CENTNOTRD,252374
15,C0SMB-E-NOPF-CENTNOTRD,252374
560123,C0T0A-B-NOPF-CENTNOTRD,252374
540235,C0T0C-B-NOPF-CENTNOTRD,252374
387338,C0TVX-B-NOPF-CENT,252374
387342,C0TVX-B-NOPF-CENTNOTRD,252374
747039,C0UBA-B-NOPF-CENTNOTRD,252374
815447,C0UBC-B-NOPF-CENTNOTRD,252374
827033,C0VBA-B-NOPF-CENTNOTRD,252374
816578,C0VBC-B-NOPF-CENTNOTRD,252374
662152,CADAND-B-NOPF-CENTNOTRD,252374
115521,CCALIB1-B-NOPF-CENT,252374
876573,CINT1-B-NOPF-CENTNOTRD,252374
928233,CINT10-B-NOPF-CENTNOTRD,252374
822,CINT11-A-NOPF-CENTNOTRD,252374
929657,CINT11-B-NOPF-CENTNOTRD,252374
738,CINT11-C-NOPF-CENTNOTRD,252374
126,CINT11-E-NOPF-CENTNOTRD,252374
719,CINT5-A-NOPF-CENTNOTRD,252374
873855,CINT5-B-NOPF-CENT,252374
873871,CINT5-B-NOPF-CENTNOTRD,252374
617,CINT5-C-NOPF-CENTNOTRD,252374
111,CINT5-E-NOPF-CENTNOTRD,252374
36,CINT7-A-NOPF-CENTNOTRD,252374
769727,CINT7-B-NOPF-CENT,252374
769740,CINT7-B-NOPF-CENTNOTRD,252374
13561,CINT7-B-NOPF-MUFAST,252374
130,CINT7-C-NOPF-CENTNOTRD,252374
765,CMLL7-B-NOPF-MUFAST,252374
2359,CMSH7-B-NOPF-MUFAST,252374
7,CMSL7-A-NOPF-MUFAST,252374
18190,CMSL7-B-NOPF-MUFAST,252374
411,CMUL7-B-NOPF-MUFAST,252374
169,CTEST59-B-NOPF-CENTNOTRD,252374
172,CTEST60-A-NOPF-CENTNOTRD,252374
908,CTEST60-B-NOPF-CENTNOTRD,252374
209,CTEST60-C-NOPF-CENTNOTRD,252374
100,CTEST60-E-NOPF-CENTNOTRD,252374
7,CTEST61-A-NOPF-CENTNOTRD,252374
52,CTEST61-B-NOPF-CENTNOTRD,252374
2,CTEST61-C-NOPF-CENTNOTRD,252374
6,CTEST61-E-NOPF-CENTNOTRD,252374
957,CTRUE-A-NOPF-CENT,252374
4205,CTRUE-B-NOPF-CENT,252374
1227,CTRUE-C-NOPF-CENT,252374
1266,CTRUE-E-NOPF-CENT,252374
26,C0AMU-ABCE-NOPF-CENTNOTRD,252375
100,C0LSR-ABCE-NOPF-CENTNOTRD,252375
752,C0SMB-A-NOPF-CENTNOTRD,252375
1992595,C0SMB-B-NOPF-CENTNOTRD,252375
703,C0SMB-C-NOPF-CENTNOTRD,252375
39,C0SMB-E-NOPF-CENTNOTRD,252375
1394151,C0T0A-B-NOPF-CENTNOTRD,252375
1345486,C0T0C-B-NOPF-CENTNOTRD,252375
964020,C0TVX-B-NOPF-CENT,252375
964034,C0TVX-B-NOPF-CENTNOTRD,252375
1860120,C0UBA-B-NOPF-CENTNOTRD,252375
2029406,C0UBC-B-NOPF-CENTNOTRD,252375
2058981,C0VBA-B-NOPF-CENTNOTRD,252375
2032272,C0VBC-B-NOPF-CENTNOTRD,252375
1648206,CADAND-B-NOPF-CENTNOTRD,252375
286765,CCALIB1-B-NOPF-CENT,252375
6887,CDMC7-B-NOPF-CENT,252375
108,CDMC7DG1-B-NOPF-CENT,252375
747,CDMC7DG2-B-NOPF-CENT,252375
19,CDMC7DJ1-B-NOPF-CENT,252375
42,CDMC7DJ2-B-NOPF-CENT,252375
15891,CEMC7-B-NOPF-CENT,252375
167,CEMC7EG1-B-NOPF-CENT,252375
1263,CEMC7EG2-B-NOPF-CENT,252375
156,CEMC7EJ1-B-NOPF-CENT,252375
454,CEMC7EJ2-B-NOPF-CENT,252375
2182240,CINT1-B-NOPF-CENTNOTRD,252375
2310438,CINT10-B-NOPF-CENTNOTRD,252375
2031,CINT11-A-NOPF-CENTNOTRD,252375
2313941,CINT11-B-NOPF-CENTNOTRD,252375
1874,CINT11-C-NOPF-CENTNOTRD,252375
308,CINT11-E-NOPF-CENTNOTRD,252375
1776,CINT5-A-NOPF-CENTNOTRD,252375
2175586,CINT5-B-NOPF-CENT,252375
2175612,CINT5-B-NOPF-CENTNOTRD,252375
1618,CINT5-C-NOPF-CENTNOTRD,252375
269,CINT5-E-NOPF-CENTNOTRD,252375
97,CINT7-A-NOPF-CENTNOTRD,252375
1915616,CINT7-B-NOPF-CENT,252375
1915641,CINT7-B-NOPF-CENTNOTRD,252375
33916,CINT7-B-NOPF-MUFAST,252375
375,CINT7-C-NOPF-CENTNOTRD,252375
2002,CMLL7-B-NOPF-MUFAST,252375
6043,CMSH7-B-NOPF-MUFAST,252375
7,CMSL7-A-NOPF-MUFAST,252375
45874,CMSL7-B-NOPF-MUFAST,252375
1176,CMUL7-B-NOPF-MUFAST,252375
451,CTEST59-B-NOPF-CENTNOTRD,252375
479,CTEST60-A-NOPF-CENTNOTRD,252375
2293,CTEST60-B-NOPF-CENTNOTRD,252375
508,CTEST60-C-NOPF-CENTNOTRD,252375
294,CTEST60-E-NOPF-CENTNOTRD,252375
16,CTEST61-A-NOPF-CENTNOTRD,252375
99,CTEST61-B-NOPF-CENTNOTRD,252375
21,CTEST61-C-NOPF-CENTNOTRD,252375
14,CTEST61-E-NOPF-CENTNOTRD,252375
2347,CTRUE-A-NOPF-CENT,252375
10450,CTRUE-B-NOPF-CENT,252375
3081,CTRUE-C-NOPF-CENT,252375
3270,CTRUE-E-NOPF-CENT,252375
